{
  "format_version": 3,
  "id": "com.google.gboard.20181009.gradient_dark.dark_2",
  "name": "Dark 2",
  "prefer_key_border": false,
  "lock_key_border": false,
  "is_light_theme": false,
  "style_sheets": [
    "style_sheet_variables.css",
    "style_sheet.css",
    "style_sheet_light_dark.css"
  ],
  "flavors": [
    {
      "type": "BORDER",
      "style_sheets": [
        "style_sheet_border.css"
      ]
    },
    {
      "type": "LANDSCAPE",
      "style_sheets": [
        "style_sheet_landscape.css"
      ]
    }
  ]
}
